<?xml version="1.0" encoding="UTF-8"?>
<metadata xml:lang="pt"><Esri><CreaDate>20190911</CreaDate><CreaTime>11511200</CreaTime><ArcGISFormat>1.0</ArcGISFormat><SyncOnce>FALSE</SyncOnce><DataProperties><itemProps><itemName Sync="TRUE">dbs_geo.SDE.ANAC_AEROPORTOS_MOVIMENTACAO</itemName><imsContentType Sync="TRUE">002</imsContentType><itemLocation><linkage Sync="TRUE">Server=svdf01045; Service=sde:sqlserver:svdf01045; Database=dbs_geo; User=sde; Version=sde.DEFAULT</linkage><protocol Sync="TRUE">ArcSDE Connection</protocol></itemLocation></itemProps><coordRef><type Sync="TRUE">Geographic</type><geogcsn Sync="TRUE">GCS_SIRGAS_2000</geogcsn><csUnits Sync="TRUE">Angular Unit: Degree (0.017453)</csUnits><peXml Sync="TRUE">&lt;GeographicCoordinateSystem xsi:type='typens:GeographicCoordinateSystem' xmlns:xsi='http://www.w3.org/2001/XMLSchema-instance' xmlns:xs='http://www.w3.org/2001/XMLSchema' xmlns:typens='http://www.esri.com/schemas/ArcGIS/10.5'&gt;&lt;WKT&gt;GEOGCS[&amp;quot;GCS_SIRGAS_2000&amp;quot;,DATUM[&amp;quot;D_SIRGAS_2000&amp;quot;,SPHEROID[&amp;quot;GRS_1980&amp;quot;,6378137.0,298.257222101]],PRIMEM[&amp;quot;Greenwich&amp;quot;,0.0],UNIT[&amp;quot;Degree&amp;quot;,0.0174532925199433],AUTHORITY[&amp;quot;EPSG&amp;quot;,4674]]&lt;/WKT&gt;&lt;XOrigin&gt;-400&lt;/XOrigin&gt;&lt;YOrigin&gt;-400&lt;/YOrigin&gt;&lt;XYScale&gt;999999999.99999988&lt;/XYScale&gt;&lt;ZOrigin&gt;0&lt;/ZOrigin&gt;&lt;ZScale&gt;1&lt;/ZScale&gt;&lt;MOrigin&gt;0&lt;/MOrigin&gt;&lt;MScale&gt;1&lt;/MScale&gt;&lt;XYTolerance&gt;8.9831528411952133e-009&lt;/XYTolerance&gt;&lt;ZTolerance&gt;0.001&lt;/ZTolerance&gt;&lt;MTolerance&gt;0.001&lt;/MTolerance&gt;&lt;HighPrecision&gt;true&lt;/HighPrecision&gt;&lt;LeftLongitude&gt;-180&lt;/LeftLongitude&gt;&lt;WKID&gt;4674&lt;/WKID&gt;&lt;LatestWKID&gt;4674&lt;/LatestWKID&gt;&lt;/GeographicCoordinateSystem&gt;</peXml></coordRef><lineage><Process ToolSource="c:\program files (x86)\arcgis\desktop10.5\ArcToolbox\Toolboxes\Conversion Tools.tbx\FeatureClassToFeatureClass" Date="20190715" Time="153643">FeatureClassToFeatureClass ANAC_AEROPORTOS_LINK "Database Connections\Connection to svdf01045.sde\dbs_geo.SDE.AEROVIÁRIO" ANAC_AEROPORTOS_MOVIMENTACAO # "CODIGO "CODIGO" true true false 255 Text 0 0 ,First,#,ANAC_AEROPORTOS_LINK,CODIGO,-1,-1;AEROPORTO "AEROPORTO" true true false 255 Text 0 0 ,First,#,ANAC_AEROPORTOS_LINK,AEROPORTO,-1,-1;AEROPORTO_DE_ORIGEM__NOME_ "AEROPORTO_DE_ORIGEM__NOME_" true true false 255 Text 0 0 ,First,#,ANAC_AEROPORTOS_LINK,AEROPORTO_DE_ORIGEM__NOME_,-1,-1;LAT "LAT" true true false 255 Text 0 0 ,First,#,ANAC_AEROPORTOS_LINK,LAT,-1,-1;LONG "LONG" true true false 255 Text 0 0 ,First,#,ANAC_AEROPORTOS_LINK,LONG,-1,-1;CLASSIFICACAO "CLASSIFICACAO" true true false 255 Text 0 0 ,First,#,ANAC_AEROPORTOS_LINK,CLASSIFICA,-1,-1;CARGA2000 "CARGA2000" true true false 8 Double 0 0 ,First,#,ANAC_AEROPORTOS_LINK,CARGA2000,-1,-1;PASSAGEIROS2000 "PASSAGEIROS2000" true true false 8 Double 0 0 ,First,#,ANAC_AEROPORTOS_LINK,PASSAGEIROS2000,-1,-1;CARGA2001 "CARGA2001" true true false 8 Double 0 0 ,First,#,ANAC_AEROPORTOS_LINK,CARGA2001,-1,-1;PASSAGEIROS2001 "PASSAGEIROS2001" true true false 8 Double 0 0 ,First,#,ANAC_AEROPORTOS_LINK,PASSAGEIROS2001,-1,-1;CARGA2002 "CARGA2002" true true false 8 Double 0 0 ,First,#,ANAC_AEROPORTOS_LINK,CARGA2002,-1,-1;PASSAGEIROS2002 "PASSAGEIROS2002" true true false 8 Double 0 0 ,First,#,ANAC_AEROPORTOS_LINK,PASSAGEIROS2002,-1,-1;CARGA2003 "CARGA2003" true true false 8 Double 0 0 ,First,#,ANAC_AEROPORTOS_LINK,CARGA2003,-1,-1;PASSAGEIROS2003 "PASSAGEIROS2003" true true false 8 Double 0 0 ,First,#,ANAC_AEROPORTOS_LINK,PASSAGEIROS2003,-1,-1;CARGA2004 "CARGA2004" true true false 8 Double 0 0 ,First,#,ANAC_AEROPORTOS_LINK,CARGA2004,-1,-1;PASSAGEIROS2004 "PASSAGEIROS2004" true true false 8 Double 0 0 ,First,#,ANAC_AEROPORTOS_LINK,PASSAGEIROS2004,-1,-1;CARGA2005 "CARGA2005" true true false 8 Double 0 0 ,First,#,ANAC_AEROPORTOS_LINK,CARGA2005,-1,-1;PASSAGEIROS2005 "PASSAGEIROS2005" true true false 8 Double 0 0 ,First,#,ANAC_AEROPORTOS_LINK,PASSAGEIROS2005,-1,-1;CARGA2006 "CARGA2006" true true false 8 Double 0 0 ,First,#,ANAC_AEROPORTOS_LINK,CARGA2006,-1,-1;PASSAGEIROS2006 "PASSAGEIROS2006" true true false 8 Double 0 0 ,First,#,ANAC_AEROPORTOS_LINK,PASSAGEIROS2006,-1,-1;CARGA2007 "CARGA2007" true true false 8 Double 0 0 ,First,#,ANAC_AEROPORTOS_LINK,CARGA2007,-1,-1;PASSAGEIROS2007 "PASSAGEIROS2007" true true false 8 Double 0 0 ,First,#,ANAC_AEROPORTOS_LINK,PASSAGEIROS2007,-1,-1;CARGA2008 "CARGA2008" true true false 8 Double 0 0 ,First,#,ANAC_AEROPORTOS_LINK,CARGA2008,-1,-1;PASSAGEIROS2008 "PASSAGEIROS2008" true true false 8 Double 0 0 ,First,#,ANAC_AEROPORTOS_LINK,PASSAGEIROS2008,-1,-1;CARGA2009 "CARGA2009" true true false 8 Double 0 0 ,First,#,ANAC_AEROPORTOS_LINK,CARGA2009,-1,-1;PASSAGEIROS2009 "PASSAGEIROS2009" true true false 8 Double 0 0 ,First,#,ANAC_AEROPORTOS_LINK,PASSAGEIROS2009,-1,-1;CARGA2010 "CARGA2010" true true false 8 Double 0 0 ,First,#,ANAC_AEROPORTOS_LINK,CARGA2010,-1,-1;PASSAGEIROS2010 "PASSAGEIROS2010" true true false 8 Double 0 0 ,First,#,ANAC_AEROPORTOS_LINK,PASSAGEIROS2010,-1,-1;CARGA2011 "CARGA2011" true true false 8 Double 0 0 ,First,#,ANAC_AEROPORTOS_LINK,CARGA2011,-1,-1;PASSAGEIROS2011 "PASSAGEIROS2011" true true false 8 Double 0 0 ,First,#,ANAC_AEROPORTOS_LINK,PASSAGEIROS2011,-1,-1;CARGA2012 "CARGA2012" true true false 8 Double 0 0 ,First,#,ANAC_AEROPORTOS_LINK,CARGA2012,-1,-1;PASSAGEIROS2012 "PASSAGEIROS2012" true true false 8 Double 0 0 ,First,#,ANAC_AEROPORTOS_LINK,PASSAGEIROS2012,-1,-1;CARGA2013 "CARGA2013" true true false 8 Double 0 0 ,First,#,ANAC_AEROPORTOS_LINK,CARGA2013,-1,-1;PASSAGEIROS2013 "PASSAGEIROS2013" true true false 8 Double 0 0 ,First,#,ANAC_AEROPORTOS_LINK,PASSAGEIROS2013,-1,-1;CARGA2014 "CARGA2014" true true false 8 Double 0 0 ,First,#,ANAC_AEROPORTOS_LINK,CARGA2014,-1,-1;PASSAGEIROS2014 "PASSAGEIROS2014" true true false 8 Double 0 0 ,First,#,ANAC_AEROPORTOS_LINK,PASSAGEIROS2014,-1,-1;CARGA2015 "CARGA2015" true true false 8 Double 0 0 ,First,#,ANAC_AEROPORTOS_LINK,CARGA2015,-1,-1;PASSAGEIROS2015 "PASSAGEIROS2015" true true false 255 Text 0 0 ,First,#,ANAC_AEROPORTOS_LINK,PASSAGEIROS2015,-1,-1;CARGA2016 "CARGA2016" true true false 8 Double 0 0 ,First,#,ANAC_AEROPORTOS_LINK,CARGA2016,-1,-1;PASSAGEIROS2016 "PASSAGEIROS2016" true true false 8 Double 0 0 ,First,#,ANAC_AEROPORTOS_LINK,PASSAGEIROS2016,-1,-1;CARGA2017 "CARGA2017" true true false 8 Double 0 0 ,First,#,ANAC_AEROPORTOS_LINK,CARGA2017,-1,-1;PASSAGEIROS2017 "PASSAGEIROS2017" true true false 8 Double 0 0 ,First,#,ANAC_AEROPORTOS_LINK,PASSAGEIROS2017,-1,-1;CARGA2018 "CARGA2018" true true false 8 Double 0 0 ,First,#,ANAC_AEROPORTOS_LINK,CARGA2018,-1,-1;PASSAGEIROS2018 "PASSAGEIROS2018" true true false 8 Double 0 0 ,First,#,ANAC_AEROPORTOS_LINK,PASSAGEIROS2018,-1,-1;MAPA_OSM "MAPA_OSM" true true false 8000 Text 0 0 ,First,#,ANAC_AEROPORTOS_LINK,MAPA_OSM,-1,-1" #</Process></lineage></DataProperties><SyncDate>20190715</SyncDate><SyncTime>15363500</SyncTime><ModDate>20190715</ModDate><ModTime>15363500</ModTime></Esri><dataIdInfo><envirDesc Sync="TRUE"> Version 6.2 (Build 9200) ; Esri ArcGIS 10.5.1.7333</envirDesc><dataLang><languageCode value="por" Sync="TRUE"/><countryCode value="BRA" Sync="TRUE"/></dataLang><idCitation><resTitle Sync="TRUE">dbs_geo.SDE.ANAC_AEROPORTOS_MOVIMENTACAO</resTitle><presForm><PresFormCd value="005" Sync="TRUE"/></presForm></idCitation><spatRpType><SpatRepTypCd value="001" Sync="TRUE"/></spatRpType></dataIdInfo><mdLang><languageCode value="por" Sync="TRUE"/><countryCode value="BRA" Sync="TRUE"/></mdLang><distInfo><distFormat><formatName Sync="TRUE">SDE Feature Class</formatName></distFormat></distInfo><mdHrLv><ScopeCd value="005" Sync="TRUE"/></mdHrLv><mdHrLvName Sync="TRUE">dataset</mdHrLvName><refSysInfo><RefSystem><refSysID><identCode code="4674" Sync="TRUE"/><idCodeSpace Sync="TRUE">EPSG</idCodeSpace><idVersion Sync="TRUE">7.8.3(9.2.0)</idVersion></refSysID></RefSystem></refSysInfo><spatRepInfo><VectSpatRep><geometObjs Name="dbs_geo.SDE.ANAC_AEROPORTOS_MOVIMENTACAO"><geoObjTyp><GeoObjTypCd value="004" Sync="TRUE"/></geoObjTyp><geoObjCnt Sync="TRUE">0</geoObjCnt></geometObjs><topLvl><TopoLevCd value="001" Sync="TRUE"/></topLvl></VectSpatRep></spatRepInfo><spdoinfo><ptvctinf><esriterm Name="dbs_geo.SDE.ANAC_AEROPORTOS_MOVIMENTACAO"><efeatyp Sync="TRUE">Simple</efeatyp><efeageom code="1" Sync="TRUE"/><esritopo Sync="TRUE">FALSE</esritopo><efeacnt Sync="TRUE">0</efeacnt><spindex Sync="TRUE">TRUE</spindex><linrefer Sync="TRUE">FALSE</linrefer></esriterm></ptvctinf></spdoinfo><eainfo><detailed Name="dbs_geo.SDE.ANAC_AEROPORTOS_MOVIMENTACAO"><enttyp><enttypl Sync="TRUE">dbs_geo.SDE.ANAC_AEROPORTOS_MOVIMENTACAO</enttypl><enttypt Sync="TRUE">Feature Class</enttypt><enttypc Sync="TRUE">0</enttypc></enttyp><attr><attrlabl Sync="TRUE">OBJECTID</attrlabl><attalias Sync="TRUE">OBJECTID</attalias><attrtype Sync="TRUE">OID</attrtype><attwidth Sync="TRUE">4</attwidth><atprecis Sync="TRUE">10</atprecis><attscale Sync="TRUE">0</attscale><attrdef Sync="TRUE">Internal feature number.</attrdef><attrdefs Sync="TRUE">Esri</attrdefs><attrdomv><udom Sync="TRUE">Sequential unique whole numbers that are automatically generated.</udom></attrdomv></attr><attr><attrlabl Sync="TRUE">CODIGO</attrlabl><attalias Sync="TRUE">CODIGO</attalias><attrtype Sync="TRUE">String</attrtype><attwidth Sync="TRUE">255</attwidth><atprecis Sync="TRUE">0</atprecis><attscale Sync="TRUE">0</attscale></attr><attr><attrlabl Sync="TRUE">AEROPORTO</attrlabl><attalias Sync="TRUE">AEROPORTO</attalias><attrtype Sync="TRUE">String</attrtype><attwidth Sync="TRUE">255</attwidth><atprecis Sync="TRUE">0</atprecis><attscale Sync="TRUE">0</attscale></attr><attr><attrlabl Sync="TRUE">AEROPORTO_DE_ORIGEM__NOME_</attrlabl><attalias Sync="TRUE">AEROPORTO_DE_ORIGEM__NOME_</attalias><attrtype Sync="TRUE">String</attrtype><attwidth Sync="TRUE">255</attwidth><atprecis Sync="TRUE">0</atprecis><attscale Sync="TRUE">0</attscale></attr><attr><attrlabl Sync="TRUE">LAT</attrlabl><attalias Sync="TRUE">LAT</attalias><attrtype Sync="TRUE">String</attrtype><attwidth Sync="TRUE">255</attwidth><atprecis Sync="TRUE">0</atprecis><attscale Sync="TRUE">0</attscale></attr><attr><attrlabl Sync="TRUE">LONG</attrlabl><attalias Sync="TRUE">LONG</attalias><attrtype Sync="TRUE">String</attrtype><attwidth Sync="TRUE">255</attwidth><atprecis Sync="TRUE">0</atprecis><attscale Sync="TRUE">0</attscale></attr><attr><attrlabl Sync="TRUE">CLASSIFICACAO</attrlabl><attalias Sync="TRUE">CLASSIFICACAO</attalias><attrtype Sync="TRUE">String</attrtype><attwidth Sync="TRUE">255</attwidth><atprecis Sync="TRUE">0</atprecis><attscale Sync="TRUE">0</attscale></attr><attr><attrlabl Sync="TRUE">CARGA2000</attrlabl><attalias Sync="TRUE">CARGA2000</attalias><attrtype Sync="TRUE">Double</attrtype><attwidth Sync="TRUE">8</attwidth><atprecis Sync="TRUE">38</atprecis><attscale Sync="TRUE">8</attscale></attr><attr><attrlabl Sync="TRUE">PASSAGEIROS2000</attrlabl><attalias Sync="TRUE">PASSAGEIROS2000</attalias><attrtype Sync="TRUE">Double</attrtype><attwidth Sync="TRUE">8</attwidth><atprecis Sync="TRUE">38</atprecis><attscale Sync="TRUE">8</attscale></attr><attr><attrlabl Sync="TRUE">CARGA2001</attrlabl><attalias Sync="TRUE">CARGA2001</attalias><attrtype Sync="TRUE">Double</attrtype><attwidth Sync="TRUE">8</attwidth><atprecis Sync="TRUE">38</atprecis><attscale Sync="TRUE">8</attscale></attr><attr><attrlabl Sync="TRUE">PASSAGEIROS2001</attrlabl><attalias Sync="TRUE">PASSAGEIROS2001</attalias><attrtype Sync="TRUE">Double</attrtype><attwidth Sync="TRUE">8</attwidth><atprecis Sync="TRUE">38</atprecis><attscale Sync="TRUE">8</attscale></attr><attr><attrlabl Sync="TRUE">CARGA2002</attrlabl><attalias Sync="TRUE">CARGA2002</attalias><attrtype Sync="TRUE">Double</attrtype><attwidth Sync="TRUE">8</attwidth><atprecis Sync="TRUE">38</atprecis><attscale Sync="TRUE">8</attscale></attr><attr><attrlabl Sync="TRUE">PASSAGEIROS2002</attrlabl><attalias Sync="TRUE">PASSAGEIROS2002</attalias><attrtype Sync="TRUE">Double</attrtype><attwidth Sync="TRUE">8</attwidth><atprecis Sync="TRUE">38</atprecis><attscale Sync="TRUE">8</attscale></attr><attr><attrlabl Sync="TRUE">CARGA2003</attrlabl><attalias Sync="TRUE">CARGA2003</attalias><attrtype Sync="TRUE">Double</attrtype><attwidth Sync="TRUE">8</attwidth><atprecis Sync="TRUE">38</atprecis><attscale Sync="TRUE">8</attscale></attr><attr><attrlabl Sync="TRUE">PASSAGEIROS2003</attrlabl><attalias Sync="TRUE">PASSAGEIROS2003</attalias><attrtype Sync="TRUE">Double</attrtype><attwidth Sync="TRUE">8</attwidth><atprecis Sync="TRUE">38</atprecis><attscale Sync="TRUE">8</attscale></attr><attr><attrlabl Sync="TRUE">CARGA2004</attrlabl><attalias Sync="TRUE">CARGA2004</attalias><attrtype Sync="TRUE">Double</attrtype><attwidth Sync="TRUE">8</attwidth><atprecis Sync="TRUE">38</atprecis><attscale Sync="TRUE">8</attscale></attr><attr><attrlabl Sync="TRUE">PASSAGEIROS2004</attrlabl><attalias Sync="TRUE">PASSAGEIROS2004</attalias><attrtype Sync="TRUE">Double</attrtype><attwidth Sync="TRUE">8</attwidth><atprecis Sync="TRUE">38</atprecis><attscale Sync="TRUE">8</attscale></attr><attr><attrlabl Sync="TRUE">CARGA2005</attrlabl><attalias Sync="TRUE">CARGA2005</attalias><attrtype Sync="TRUE">Double</attrtype><attwidth Sync="TRUE">8</attwidth><atprecis Sync="TRUE">38</atprecis><attscale Sync="TRUE">8</attscale></attr><attr><attrlabl Sync="TRUE">PASSAGEIROS2005</attrlabl><attalias Sync="TRUE">PASSAGEIROS2005</attalias><attrtype Sync="TRUE">Double</attrtype><attwidth Sync="TRUE">8</attwidth><atprecis Sync="TRUE">38</atprecis><attscale Sync="TRUE">8</attscale></attr><attr><attrlabl Sync="TRUE">CARGA2006</attrlabl><attalias Sync="TRUE">CARGA2006</attalias><attrtype Sync="TRUE">Double</attrtype><attwidth Sync="TRUE">8</attwidth><atprecis Sync="TRUE">38</atprecis><attscale Sync="TRUE">8</attscale></attr><attr><attrlabl Sync="TRUE">PASSAGEIROS2006</attrlabl><attalias Sync="TRUE">PASSAGEIROS2006</attalias><attrtype Sync="TRUE">Double</attrtype><attwidth Sync="TRUE">8</attwidth><atprecis Sync="TRUE">38</atprecis><attscale Sync="TRUE">8</attscale></attr><attr><attrlabl Sync="TRUE">CARGA2007</attrlabl><attalias Sync="TRUE">CARGA2007</attalias><attrtype Sync="TRUE">Double</attrtype><attwidth Sync="TRUE">8</attwidth><atprecis Sync="TRUE">38</atprecis><attscale Sync="TRUE">8</attscale></attr><attr><attrlabl Sync="TRUE">PASSAGEIROS2007</attrlabl><attalias Sync="TRUE">PASSAGEIROS2007</attalias><attrtype Sync="TRUE">Double</attrtype><attwidth Sync="TRUE">8</attwidth><atprecis Sync="TRUE">38</atprecis><attscale Sync="TRUE">8</attscale></attr><attr><attrlabl Sync="TRUE">CARGA2008</attrlabl><attalias Sync="TRUE">CARGA2008</attalias><attrtype Sync="TRUE">Double</attrtype><attwidth Sync="TRUE">8</attwidth><atprecis Sync="TRUE">38</atprecis><attscale Sync="TRUE">8</attscale></attr><attr><attrlabl Sync="TRUE">PASSAGEIROS2008</attrlabl><attalias Sync="TRUE">PASSAGEIROS2008</attalias><attrtype Sync="TRUE">Double</attrtype><attwidth Sync="TRUE">8</attwidth><atprecis Sync="TRUE">38</atprecis><attscale Sync="TRUE">8</attscale></attr><attr><attrlabl Sync="TRUE">CARGA2009</attrlabl><attalias Sync="TRUE">CARGA2009</attalias><attrtype Sync="TRUE">Double</attrtype><attwidth Sync="TRUE">8</attwidth><atprecis Sync="TRUE">38</atprecis><attscale Sync="TRUE">8</attscale></attr><attr><attrlabl Sync="TRUE">PASSAGEIROS2009</attrlabl><attalias Sync="TRUE">PASSAGEIROS2009</attalias><attrtype Sync="TRUE">Double</attrtype><attwidth Sync="TRUE">8</attwidth><atprecis Sync="TRUE">38</atprecis><attscale Sync="TRUE">8</attscale></attr><attr><attrlabl Sync="TRUE">CARGA2010</attrlabl><attalias Sync="TRUE">CARGA2010</attalias><attrtype Sync="TRUE">Double</attrtype><attwidth Sync="TRUE">8</attwidth><atprecis Sync="TRUE">38</atprecis><attscale Sync="TRUE">8</attscale></attr><attr><attrlabl Sync="TRUE">PASSAGEIROS2010</attrlabl><attalias Sync="TRUE">PASSAGEIROS2010</attalias><attrtype Sync="TRUE">Double</attrtype><attwidth Sync="TRUE">8</attwidth><atprecis Sync="TRUE">38</atprecis><attscale Sync="TRUE">8</attscale></attr><attr><attrlabl Sync="TRUE">CARGA2011</attrlabl><attalias Sync="TRUE">CARGA2011</attalias><attrtype Sync="TRUE">Double</attrtype><attwidth Sync="TRUE">8</attwidth><atprecis Sync="TRUE">38</atprecis><attscale Sync="TRUE">8</attscale></attr><attr><attrlabl Sync="TRUE">PASSAGEIROS2011</attrlabl><attalias Sync="TRUE">PASSAGEIROS2011</attalias><attrtype Sync="TRUE">Double</attrtype><attwidth Sync="TRUE">8</attwidth><atprecis Sync="TRUE">38</atprecis><attscale Sync="TRUE">8</attscale></attr><attr><attrlabl Sync="TRUE">CARGA2012</attrlabl><attalias Sync="TRUE">CARGA2012</attalias><attrtype Sync="TRUE">Double</attrtype><attwidth Sync="TRUE">8</attwidth><atprecis Sync="TRUE">38</atprecis><attscale Sync="TRUE">8</attscale></attr><attr><attrlabl Sync="TRUE">PASSAGEIROS2012</attrlabl><attalias Sync="TRUE">PASSAGEIROS2012</attalias><attrtype Sync="TRUE">Double</attrtype><attwidth Sync="TRUE">8</attwidth><atprecis Sync="TRUE">38</atprecis><attscale Sync="TRUE">8</attscale></attr><attr><attrlabl Sync="TRUE">CARGA2013</attrlabl><attalias Sync="TRUE">CARGA2013</attalias><attrtype Sync="TRUE">Double</attrtype><attwidth Sync="TRUE">8</attwidth><atprecis Sync="TRUE">38</atprecis><attscale Sync="TRUE">8</attscale></attr><attr><attrlabl Sync="TRUE">PASSAGEIROS2013</attrlabl><attalias Sync="TRUE">PASSAGEIROS2013</attalias><attrtype Sync="TRUE">Double</attrtype><attwidth Sync="TRUE">8</attwidth><atprecis Sync="TRUE">38</atprecis><attscale Sync="TRUE">8</attscale></attr><attr><attrlabl Sync="TRUE">CARGA2014</attrlabl><attalias Sync="TRUE">CARGA2014</attalias><attrtype Sync="TRUE">Double</attrtype><attwidth Sync="TRUE">8</attwidth><atprecis Sync="TRUE">38</atprecis><attscale Sync="TRUE">8</attscale></attr><attr><attrlabl Sync="TRUE">PASSAGEIROS2014</attrlabl><attalias Sync="TRUE">PASSAGEIROS2014</attalias><attrtype Sync="TRUE">Double</attrtype><attwidth Sync="TRUE">8</attwidth><atprecis Sync="TRUE">38</atprecis><attscale Sync="TRUE">8</attscale></attr><attr><attrlabl Sync="TRUE">CARGA2015</attrlabl><attalias Sync="TRUE">CARGA2015</attalias><attrtype Sync="TRUE">Double</attrtype><attwidth Sync="TRUE">8</attwidth><atprecis Sync="TRUE">38</atprecis><attscale Sync="TRUE">8</attscale></attr><attr><attrlabl Sync="TRUE">PASSAGEIROS2015</attrlabl><attalias Sync="TRUE">PASSAGEIROS2015</attalias><attrtype Sync="TRUE">String</attrtype><attwidth Sync="TRUE">255</attwidth><atprecis Sync="TRUE">0</atprecis><attscale Sync="TRUE">0</attscale></attr><attr><attrlabl Sync="TRUE">CARGA2016</attrlabl><attalias Sync="TRUE">CARGA2016</attalias><attrtype Sync="TRUE">Double</attrtype><attwidth Sync="TRUE">8</attwidth><atprecis Sync="TRUE">38</atprecis><attscale Sync="TRUE">8</attscale></attr><attr><attrlabl Sync="TRUE">PASSAGEIROS2016</attrlabl><attalias Sync="TRUE">PASSAGEIROS2016</attalias><attrtype Sync="TRUE">Double</attrtype><attwidth Sync="TRUE">8</attwidth><atprecis Sync="TRUE">38</atprecis><attscale Sync="TRUE">8</attscale></attr><attr><attrlabl Sync="TRUE">CARGA2017</attrlabl><attalias Sync="TRUE">CARGA2017</attalias><attrtype Sync="TRUE">Double</attrtype><attwidth Sync="TRUE">8</attwidth><atprecis Sync="TRUE">38</atprecis><attscale Sync="TRUE">8</attscale></attr><attr><attrlabl Sync="TRUE">PASSAGEIROS2017</attrlabl><attalias Sync="TRUE">PASSAGEIROS2017</attalias><attrtype Sync="TRUE">Double</attrtype><attwidth Sync="TRUE">8</attwidth><atprecis Sync="TRUE">38</atprecis><attscale Sync="TRUE">8</attscale></attr><attr><attrlabl Sync="TRUE">CARGA2018</attrlabl><attalias Sync="TRUE">CARGA2018</attalias><attrtype Sync="TRUE">Double</attrtype><attwidth Sync="TRUE">8</attwidth><atprecis Sync="TRUE">38</atprecis><attscale Sync="TRUE">8</attscale></attr><attr><attrlabl Sync="TRUE">PASSAGEIROS2018</attrlabl><attalias Sync="TRUE">PASSAGEIROS2018</attalias><attrtype Sync="TRUE">Double</attrtype><attwidth Sync="TRUE">8</attwidth><atprecis Sync="TRUE">38</atprecis><attscale Sync="TRUE">8</attscale></attr><attr><attrlabl Sync="TRUE">MAPA_OSM</attrlabl><attalias Sync="TRUE">MAPA_OSM</attalias><attrtype Sync="TRUE">String</attrtype><attwidth Sync="TRUE">1073741822</attwidth><atprecis Sync="TRUE">0</atprecis><attscale Sync="TRUE">0</attscale></attr><attr><attrlabl Sync="TRUE">Shape</attrlabl><attalias Sync="TRUE">Shape</attalias><attrtype Sync="TRUE">Geometry</attrtype><attwidth Sync="TRUE">4</attwidth><atprecis Sync="TRUE">0</atprecis><attscale Sync="TRUE">0</attscale><attrdef Sync="TRUE">Feature geometry.</attrdef><attrdefs Sync="TRUE">Esri</attrdefs><attrdomv><udom Sync="TRUE">Coordinates defining the features.</udom></attrdomv></attr></detailed></eainfo><mdDateSt Sync="TRUE">20190715</mdDateSt></metadata>
